Model,Condition,Year,Make,Model,Category,Horsepower,Transmission,Drive,Hours,Attachments,Description,Sale Price,Image URL,Availability
T5075 PS/C,,,,,,,,,,,,,1,
T130,,,,,,,,,,,,,2,
T474 S/C,,,,,,,,,,,,,3,
T474 HST,,,,,,,,,,,,,4,
T474 BH,,,,,,,,,,,,,5,
T115,,,,,,,,,,,,,6,
T474 S,,,,,,,,,,,,,7,
T574,,,,,,,,,,,,,8,
T458 PU/BH,,,,,,,,,,,,,9,
T3035 HST,,,,,,,,,,,,,10,
T25 HST/BH,,,,,,,,,,,,,11,
T574 S,,,,,,,,,,,,,12,
T25 HST,,,,,,,,,,,,,13,
T474 HST/C,,,,,,,,,,,,,14,
T574 HST/C,,,,,,,,,,,,,15,
T3035 S,,,,,,,,,,,,,16,
T494 HST,,,,,,,,,,,,,17,
T494 HST/C,,,,,,,,,,,,,18,
T494 S/C,,,,,,,,,,,,,19,
T3025 HST/C,,,,,,,,,,,,,20,
T4058 PS,,,,,,,,,,,,,21,